{
    "start_trough": "MeatTrough45",
    "timer_meat_run": 1774206784.716463,
    "current_pego": "pego5",
    "start_pego": "pego5",
    "timer_pego1": 1774209408.1782136,
    "timer_pego2": 1774209548.5935237,
    "timer_pego3": 1774209668.7827687,
    "timer_pego4": 1774209813.4324088,
    "timer_pego5": 1774198899.5204234,
    "timer_pego8": 1774199006.686141,
    "timer_pego9": 1774199114.6716406,
    "timer_pego10": 1774199215.0461476,
    "timer_pego11": 1774201109.8088303,
    "timer_pego12": 1774201213.75183,
    "timer_pego15": 1774201311.1538298,
    "timer_pego16": 1774201428.2408311,
    "timer_pego17": 1774201526.7743318,
    "timer_pego18": 1774201628.60683,
    "timer_pego19": 1774201825.48783,
    "timer_pego22": 1774201940.4513311,
    "timer_pego23": 1774202057.1198304,
    "timer_pego24": 1774202160.008831,
    "timer_pego25": 1774202443.7518294,
    "timer_pego26": 1774205367.7204905,
    "current_gacha": "gacha67",
    "start_gacha": "gacha68",
    "timer_gacha1": 1774210574.0878305,
    "timer_gacha2": 1774210633.2823303,
    "timer_gacha3": 1774210692.7863305,
    "timer_gacha4": 1774210751.577831,
    "timer_gacha5": 1774210883.6218314,
    "timer_gacha6": 1774210945.6063294,
    "timer_gacha7": 1774211004.4443305,
    "timer_gacha8": 1774211063.3288298,
    "timer_gacha9": 1774192691.3227997,
    "timer_gacha10": 1774192747.2328117,
    "timer_gacha11": 1774212148.4189143,
    "timer_gacha12": 1774212208.5962493,
    "timer_gacha13": 1774212268.998374,
    "timer_gacha14": 1774212329.842234,
    "timer_gacha15": 1774212389.86927,
    "timer_gacha16": 1774212450.827735,
    "timer_gacha17": 1774212511.3305147,
    "timer_gacha18": 1774212571.498258,
    "timer_gacha19": 1774212631.8915305,
    "timer_gacha20": 1774212692.1289682,
    "timer_gacha21": 1774212752.0297754,
    "timer_gacha22": 1774212812.7141683,
    "timer_gacha23": 1774212872.771514,
    "timer_gacha24": 1774212934.2950826,
    "timer_gacha25": 1774212994.2742102,
    "timer_gacha26": 1774213054.2653468,
    "timer_gacha27": 1774213114.404009,
    "timer_gacha28": 1774213249.5529013,
    "timer_gacha29": 1774213309.6861794,
    "timer_gacha30": 1774213369.8147078,
    "timer_gacha31": 1774213430.0275898,
    "timer_gacha32": 1774213490.679012,
    "timer_gacha33": 1774213551.288722,
    "timer_gacha34": 1774213611.460758,
    "timer_gacha35": 1774213672.0661411,
    "timer_gacha36": 1774213732.3383594,
    "timer_gacha37": 1774213793.1113722,
    "timer_gacha38": 1774213876.3891902,
    "timer_gacha39": 1774213936.9245422,
    "timer_gacha40": 1774213996.6642687,
    "timer_gacha41": 1774214056.9389167,
    "timer_gacha42": 1774214117.0502481,
    "timer_gacha43": 1774214177.1034904,
    "timer_gacha44": 1774214237.4592292,
    "timer_gacha45": 1774214297.7874744,
    "timer_gacha46": 1774214358.2130437,
    "timer_gacha47": 1774214418.915472,
    "timer_gacha48": 1774214478.8973312,
    "timer_gacha49": 1774214539.2779381,
    "timer_gacha50": 1774214599.6711009,
    "timer_gacha51": 1774214660.2153158,
    "timer_gacha52": 1774214720.1058428,
    "timer_gacha53": 1774214780.7397153,
    "timer_gacha54": 1774214841.1020036,
    "timer_gacha55": 1774214901.8380585,
    "timer_gacha56": 1774214961.7283585,
    "timer_gacha57": 1774215288.5011706,
    "timer_gacha58": 1774215349.3268216,
    "timer_gacha59": 1774215409.8843195,
    "timer_gacha60": 1774215470.2870123,
    "timer_gacha61": 1774215542.3016613,
    "timer_gacha62": 1774215602.6253972,
    "timer_gacha63": 1774215662.9283195,
    "timer_gacha64": 1774215752.8882918,
    "timer_gacha65": 1774215822.0585105,
    "timer_gacha66": 1774215892.4370208,
    "timer_gacha67": 1774215961.7269225,
    "timer_gacha68": 1774202104.5805373,
    "timer_gacha69": 1774202160.5175374,
    "timer_gacha70": 1774202216.926055,
    "timer_gacha71": 1774202270.4950552,
    "timer_gacha72": 1774202326.634057,
    "timer_gacha73": 1774202383.3625789,
    "timer_gacha74": 1774202595.729791,
    "timer_gacha75": 1774202653.4097924,
    "timer_gacha76": 1774202711.3198156,
    "timer_gacha77": 1774202786.651814,
    "timer_gacha78": 1774202842.895157,
    "timer_gacha79": 1774202898.7681568,
    "timer_gacha80": 1774202954.7491581,
    "timer_gacha81": 1774203569.493303,
    "timer_gacha82": 1774204312.4819508,
    "timer_gacha83": 1774204368.67445,
    "timer_gacha84": 1774205057.1976743,
    "timer_gacha85": 1774205112.8021748,
    "timer_gacha86": 1774205168.5031936,
    "timer_gacha87": 1774205224.4191947,
    "timer_gacha88": 1774205280.9536934,
    "timer_gacha89": 1774205337.2516928,
    "timer_gacha90": 1774205393.417694,
    "timer_gacha91": 1774205450.217193,
    "timer_gacha92": 1774205506.1046937,
    "timer_gacha93": 1774206065.1141474,
    "timer_gacha94": 1774206121.16365,
    "timer_gacha95": 1774206177.2531486,
    "timer_gacha96": 1774206233.0236473,
    "timer_gacha97": 1774206288.7096467,
    "timer_gacha98": 1774206344.475149,
    "timer_gacha99": 1774209328.8993304,
    "timer_gacha100": 1774209386.1098313,
    "timer_GACHARENDER1": 1774199489.6328306
}